,mean_fit_time,std_fit_time,mean_score_time,std_score_time,param_max_depth,param_max_features,param_min_samples_leaf,param_min_samples_split,param_n_estimators,params,split0_test_score,split1_test_score,split2_test_score,split3_test_score,split4_test_score,split5_test_score,split6_test_score,split7_test_score,split8_test_score,split9_test_score,mean_test_score,std_test_score,rank_test_score,descriptor_set,classifier,train_ba,test_ba,param_learning_rate,param_criterion
15,0.0038939714431762695,0.004922483736557664,0.004900288581848144,0.005181821684591077,8,sqrt,1,8,,"{'criterion': 'entropy', 'max_depth': 8, 'max_features': 'sqrt', 'min_samples_leaf': 1, 'min_samples_split': 8}",0.7619047619047619,0.5625,0.9375,0.9375,0.875,0.75,0.5,0.6785714285714286,0.42857142857142855,1.0,0.7431547619047619,0.18819810515973398,1,RDKit2D,Decision Tree Classifier,0.9022556390977443,0.725,,entropy
10,0.05476210117340088,0.006263220980307769,0.0038447856903076174,0.0039660049124261255,2,,,,50,"{'learning_rate': 0.5, 'max_depth': 2, 'n_estimators': 50}",0.6666666666666666,0.4375,0.6875,0.6875,0.875,0.75,0.75,0.9285714285714286,0.42857142857142855,0.75,0.6961309523809524,0.15304363206721974,1,Lipinski,Gradient Boosting Machine,1.0,0.675,0.5,
19,0.013700103759765625,0.0033722291065580116,0.008214545249938966,0.004171765205482029,4,sqrt,4,2,,"{'criterion': 'gini', 'max_depth': 4, 'max_features': 'sqrt', 'min_samples_leaf': 4, 'min_samples_split': 2}",0.5952380952380952,0.6875,0.6875,0.875,0.8125,0.75,0.6875,0.6071428571428572,0.5,0.75,0.6952380952380952,0.1039811272776554,1,Mordred,Decision Tree Classifier,0.8546365914786966,0.575,,gini
0,0.0475116491317749,0.003920087208559043,0.004110026359558106,0.00438989742001862,4,,1,5,25,"{'max_depth': 4, 'max_features': None, 'min_samples_leaf': 1, 'min_samples_split': 5, 'n_estimators': 25}",0.6666666666666666,0.5,0.5,0.75,0.6875,0.75,0.6875,0.6785714285714286,0.8571428571428572,0.75,0.6827380952380953,0.10540253259552648,1,MACCS,Random Forest Classifier,0.8095238095238095,0.65,,
7,0.014228582382202148,0.006559013651972966,0.0074625730514526365,0.005573431214104741,8,,4,2,,"{'criterion': 'entropy', 'max_depth': 8, 'max_features': None, 'min_samples_leaf': 4, 'min_samples_split': 2}",0.6904761904761905,0.6875,0.5,0.6875,0.625,0.9375,0.6875,0.75,0.42857142857142855,0.42857142857142855,0.6422619047619048,0.1480205273960752,1,ECFP6,Decision Tree Classifier,0.8546365914786966,0.375,,entropy
